{
	"parent": "item/generated",
	"textures": {
		"layer0": "item/apple"
	},
	
	"overrides": [
		{"predicate": {"custom_model_data":1}, "model": "item/apple/blue"},
		{"predicate": {"custom_model_data":2}, "model": "item/apple/white"},
		{"predicate": {"custom_model_data":3}, "model": "item/apple/black"},
		{"predicate": {"custom_model_data":4}, "model": "item/apple/green"},
		{"predicate": {"custom_model_data":5}, "model": "item/apple/purple"},
		{"predicate": {"custom_model_data":6}, "model": "item/apple/orange"}
	]
}